"dialect"	"context"	"name"	"always_unsupported"	"formals"
"sqlite"	"scalar"	"-"	FALSE	"x|y"
"sqlite"	"scalar"	":"	FALSE	"from|to"
"sqlite"	"scalar"	"!"	FALSE	"..."
"sqlite"	"scalar"	"!="	FALSE	"x|y"
"sqlite"	"scalar"	"("	FALSE	"x"
"sqlite"	"scalar"	"["	FALSE	"x|i"
"sqlite"	"scalar"	"[["	FALSE	"x|i"
"sqlite"	"scalar"	"{"	FALSE	"x"
"sqlite"	"scalar"	"*"	FALSE	"x|y"
"sqlite"	"scalar"	"/"	FALSE	"x|y"
"sqlite"	"scalar"	"&"	FALSE	"x|y"
"sqlite"	"scalar"	"&&"	FALSE	"x|y"
"sqlite"	"scalar"	"%/%"	TRUE	"..."
"sqlite"	"scalar"	"%%"	FALSE	"x|y"
"sqlite"	"scalar"	"%>%"	FALSE	"lhs|rhs"
"sqlite"	"scalar"	"%in%"	FALSE	"x|table"
"sqlite"	"scalar"	"%notin%"	FALSE	"x|table"
"sqlite"	"scalar"	"^"	FALSE	"..."
"sqlite"	"scalar"	"+"	FALSE	"x|y"
"sqlite"	"scalar"	"<"	FALSE	"x|y"
"sqlite"	"scalar"	"<="	FALSE	"x|y"
"sqlite"	"scalar"	"=="	FALSE	"x|y"
"sqlite"	"scalar"	">"	FALSE	"x|y"
"sqlite"	"scalar"	">="	FALSE	"x|y"
"sqlite"	"scalar"	"|"	FALSE	"x|y"
"sqlite"	"scalar"	"||"	FALSE	"x|y"
"sqlite"	"scalar"	"$"	FALSE	"x|name"
"sqlite"	"scalar"	"abs"	FALSE	"..."
"sqlite"	"scalar"	"acos"	FALSE	"..."
"sqlite"	"scalar"	"as"	FALSE	"x|type"
"sqlite"	"scalar"	"as_date"	FALSE	"x"
"sqlite"	"scalar"	"as_datetime"	FALSE	"x"
"sqlite"	"scalar"	"as.blob"	FALSE	"x"
"sqlite"	"scalar"	"as.character"	FALSE	"x"
"sqlite"	"scalar"	"as.Date"	FALSE	"x"
"sqlite"	"scalar"	"as.double"	FALSE	"x"
"sqlite"	"scalar"	"as.integer"	FALSE	"x"
"sqlite"	"scalar"	"as.integer64"	FALSE	"x"
"sqlite"	"scalar"	"as.logical"	FALSE	"x"
"sqlite"	"scalar"	"as.numeric"	FALSE	"x"
"sqlite"	"scalar"	"as.POSIXct"	FALSE	"x"
"sqlite"	"scalar"	"asin"	FALSE	"..."
"sqlite"	"scalar"	"atan"	FALSE	"..."
"sqlite"	"scalar"	"atan2"	FALSE	"..."
"sqlite"	"scalar"	"between"	FALSE	"x|left|right"
"sqlite"	"scalar"	"bitwAnd"	FALSE	"x|y"
"sqlite"	"scalar"	"bitwNot"	FALSE	"x"
"sqlite"	"scalar"	"bitwOr"	FALSE	"x|y"
"sqlite"	"scalar"	"bitwShiftL"	FALSE	"x|y"
"sqlite"	"scalar"	"bitwShiftR"	FALSE	"x|y"
"sqlite"	"scalar"	"bitwXor"	FALSE	"x|y"
"sqlite"	"scalar"	"c"	FALSE	"..."
"sqlite"	"scalar"	"case_match"	FALSE	".x|...|.default|.ptype"
"sqlite"	"scalar"	"case_when"	FALSE	"...|.default|.ptype|.size"
"sqlite"	"scalar"	"ceil"	FALSE	"..."
"sqlite"	"scalar"	"ceiling"	FALSE	"..."
"sqlite"	"scalar"	"coalesce"	FALSE	"..."
"sqlite"	"scalar"	"cos"	FALSE	"..."
"sqlite"	"scalar"	"cosh"	FALSE	"x"
"sqlite"	"scalar"	"cot"	FALSE	"..."
"sqlite"	"scalar"	"coth"	FALSE	"x"
"sqlite"	"scalar"	"cut"	FALSE	"x|breaks|labels|include.lowest|right"
"sqlite"	"scalar"	"day"	FALSE	"x"
"sqlite"	"scalar"	"desc"	FALSE	"x"
"sqlite"	"scalar"	"exp"	FALSE	"..."
"sqlite"	"scalar"	"fixed"	FALSE	"pattern|ignore_case"
"sqlite"	"scalar"	"floor"	FALSE	"..."
"sqlite"	"scalar"	"hour"	FALSE	"x"
"sqlite"	"scalar"	"if"	FALSE	"cond|if_true|if_false"
"sqlite"	"scalar"	"if_else"	FALSE	"condition|true|false|missing"
"sqlite"	"scalar"	"ifelse"	FALSE	"test|yes|no"
"sqlite"	"scalar"	"is_distinct_from"	FALSE	"x|y"
"sqlite"	"scalar"	"is_not_distinct_from"	FALSE	"x|y"
"sqlite"	"scalar"	"is.na"	FALSE	"x"
"sqlite"	"scalar"	"is.null"	FALSE	"x"
"sqlite"	"scalar"	"log"	FALSE	"x|base"
"sqlite"	"scalar"	"log10"	FALSE	"..."
"sqlite"	"scalar"	"mday"	FALSE	"x"
"sqlite"	"scalar"	"minute"	FALSE	"x"
"sqlite"	"scalar"	"month"	FALSE	"x"
"sqlite"	"scalar"	"na_if"	FALSE	"..."
"sqlite"	"scalar"	"nchar"	FALSE	"..."
"sqlite"	"scalar"	"now"	FALSE	""
"sqlite"	"scalar"	"nzchar"	FALSE	"x|keepNA"
"sqlite"	"scalar"	"paste"	FALSE	"...|sep|collapse"
"sqlite"	"scalar"	"paste0"	FALSE	"...|sep|collapse"
"sqlite"	"scalar"	"pmax"	FALSE	"...|na.rm"
"sqlite"	"scalar"	"pmin"	FALSE	"...|na.rm"
"sqlite"	"scalar"	"qday"	TRUE	"..."
"sqlite"	"scalar"	"round"	FALSE	"x|digits"
"sqlite"	"scalar"	"runif"	FALSE	"n|min|max"
"sqlite"	"scalar"	"second"	FALSE	"x"
"sqlite"	"scalar"	"sign"	FALSE	"..."
"sqlite"	"scalar"	"sin"	FALSE	"..."
"sqlite"	"scalar"	"sinh"	FALSE	"x"
"sqlite"	"scalar"	"sqrt"	FALSE	"..."
"sqlite"	"scalar"	"str_c"	FALSE	"...|sep|collapse"
"sqlite"	"scalar"	"str_conv"	TRUE	"..."
"sqlite"	"scalar"	"str_count"	TRUE	"..."
"sqlite"	"scalar"	"str_detect"	FALSE	"string|pattern|negate"
"sqlite"	"scalar"	"str_dup"	TRUE	"..."
"sqlite"	"scalar"	"str_ends"	FALSE	"string|pattern|negate"
"sqlite"	"scalar"	"str_extract"	TRUE	"..."
"sqlite"	"scalar"	"str_extract_all"	TRUE	"..."
"sqlite"	"scalar"	"str_flatten"	TRUE	"..."
"sqlite"	"scalar"	"str_glue"	TRUE	"..."
"sqlite"	"scalar"	"str_glue_data"	TRUE	"..."
"sqlite"	"scalar"	"str_ilike"	TRUE	"..."
"sqlite"	"scalar"	"str_interp"	TRUE	"..."
"sqlite"	"scalar"	"str_length"	FALSE	"..."
"sqlite"	"scalar"	"str_like"	FALSE	"string|pattern|ignore_case"
"sqlite"	"scalar"	"str_locate"	TRUE	"..."
"sqlite"	"scalar"	"str_locate_all"	TRUE	"..."
"sqlite"	"scalar"	"str_match"	TRUE	"..."
"sqlite"	"scalar"	"str_match_all"	TRUE	"..."
"sqlite"	"scalar"	"str_order"	TRUE	"..."
"sqlite"	"scalar"	"str_pad"	TRUE	"..."
"sqlite"	"scalar"	"str_remove"	TRUE	"..."
"sqlite"	"scalar"	"str_remove_all"	TRUE	"..."
"sqlite"	"scalar"	"str_replace"	TRUE	"..."
"sqlite"	"scalar"	"str_replace_all"	TRUE	"..."
"sqlite"	"scalar"	"str_replace_na"	TRUE	"..."
"sqlite"	"scalar"	"str_sort"	TRUE	"..."
"sqlite"	"scalar"	"str_split"	TRUE	"..."
"sqlite"	"scalar"	"str_split_fixed"	TRUE	"..."
"sqlite"	"scalar"	"str_squish"	TRUE	"..."
"sqlite"	"scalar"	"str_starts"	FALSE	"string|pattern|negate"
"sqlite"	"scalar"	"str_sub"	FALSE	"string|start|end"
"sqlite"	"scalar"	"str_subset"	TRUE	"..."
"sqlite"	"scalar"	"str_to_lower"	FALSE	"..."
"sqlite"	"scalar"	"str_to_title"	FALSE	"..."
"sqlite"	"scalar"	"str_to_upper"	FALSE	"..."
"sqlite"	"scalar"	"str_trim"	FALSE	"string|side"
"sqlite"	"scalar"	"str_trunc"	TRUE	"..."
"sqlite"	"scalar"	"str_view"	TRUE	"..."
"sqlite"	"scalar"	"str_view_all"	TRUE	"..."
"sqlite"	"scalar"	"str_which"	TRUE	"..."
"sqlite"	"scalar"	"str_wrap"	TRUE	"..."
"sqlite"	"scalar"	"substr"	FALSE	"x|start|stop"
"sqlite"	"scalar"	"substring"	FALSE	"x|start|stop"
"sqlite"	"scalar"	"switch"	FALSE	"x|..."
"sqlite"	"scalar"	"tan"	FALSE	"..."
"sqlite"	"scalar"	"tanh"	FALSE	"x"
"sqlite"	"scalar"	"today"	FALSE	""
"sqlite"	"scalar"	"tolower"	FALSE	"..."
"sqlite"	"scalar"	"toupper"	FALSE	"..."
"sqlite"	"scalar"	"trimws"	FALSE	"x|which"
"sqlite"	"scalar"	"wday"	TRUE	"..."
"sqlite"	"scalar"	"xor"	FALSE	"x|y"
"sqlite"	"scalar"	"yday"	FALSE	"x"
"sqlite"	"scalar"	"year"	FALSE	"x"
"sqlite"	"aggregate"	"all"	FALSE	"x|na.rm"
"sqlite"	"aggregate"	"any"	FALSE	"x|na.rm"
"sqlite"	"aggregate"	"anyNA"	FALSE	"x"
"sqlite"	"aggregate"	"cor"	TRUE	"..."
"sqlite"	"aggregate"	"cov"	TRUE	"..."
"sqlite"	"aggregate"	"cume_dist"	FALSE	"..."
"sqlite"	"aggregate"	"cummax"	FALSE	"..."
"sqlite"	"aggregate"	"cummean"	FALSE	"..."
"sqlite"	"aggregate"	"cummin"	FALSE	"..."
"sqlite"	"aggregate"	"cumsum"	FALSE	"..."
"sqlite"	"aggregate"	"dense_rank"	FALSE	"..."
"sqlite"	"aggregate"	"first"	FALSE	"..."
"sqlite"	"aggregate"	"lag"	FALSE	"..."
"sqlite"	"aggregate"	"last"	FALSE	"..."
"sqlite"	"aggregate"	"lead"	FALSE	"..."
"sqlite"	"aggregate"	"max"	FALSE	"x|na.rm"
"sqlite"	"aggregate"	"mean"	FALSE	"x|na.rm"
"sqlite"	"aggregate"	"median"	FALSE	"x|na.rm"
"sqlite"	"aggregate"	"min"	FALSE	"x|na.rm"
"sqlite"	"aggregate"	"min_rank"	FALSE	"..."
"sqlite"	"aggregate"	"n"	FALSE	""
"sqlite"	"aggregate"	"n_distinct"	FALSE	"x|na.rm"
"sqlite"	"aggregate"	"nth"	FALSE	"..."
"sqlite"	"aggregate"	"ntile"	FALSE	"..."
"sqlite"	"aggregate"	"order_by"	FALSE	"..."
"sqlite"	"aggregate"	"percent_rank"	FALSE	"..."
"sqlite"	"aggregate"	"quantile"	TRUE	"..."
"sqlite"	"aggregate"	"rank"	FALSE	"..."
"sqlite"	"aggregate"	"row_number"	FALSE	"..."
"sqlite"	"aggregate"	"sd"	FALSE	"x|na.rm"
"sqlite"	"aggregate"	"sum"	FALSE	"x|na.rm"
"sqlite"	"aggregate"	"var"	TRUE	"..."
"sqlite"	"window"	"all"	FALSE	"x|na.rm"
"sqlite"	"window"	"any"	FALSE	"x|na.rm"
"sqlite"	"window"	"anyNA"	FALSE	"x"
"sqlite"	"window"	"cor"	TRUE	"..."
"sqlite"	"window"	"cov"	TRUE	"..."
"sqlite"	"window"	"cume_dist"	FALSE	"order"
"sqlite"	"window"	"cummax"	FALSE	"x|order"
"sqlite"	"window"	"cummean"	FALSE	"x|order"
"sqlite"	"window"	"cummin"	FALSE	"x|order"
"sqlite"	"window"	"cumsum"	FALSE	"x|order"
"sqlite"	"window"	"dense_rank"	FALSE	"order"
"sqlite"	"window"	"first"	FALSE	"x|order_by|na_rm"
"sqlite"	"window"	"lag"	FALSE	"x|n|default|order_by"
"sqlite"	"window"	"last"	FALSE	"x|order_by|na_rm"
"sqlite"	"window"	"lead"	FALSE	"x|n|default|order_by"
"sqlite"	"window"	"max"	FALSE	"x|na.rm"
"sqlite"	"window"	"mean"	FALSE	"x|na.rm"
"sqlite"	"window"	"median"	FALSE	"..."
"sqlite"	"window"	"min"	FALSE	"x|na.rm"
"sqlite"	"window"	"min_rank"	FALSE	"order"
"sqlite"	"window"	"n"	FALSE	""
"sqlite"	"window"	"n_distinct"	FALSE	"x|na.rm"
"sqlite"	"window"	"nth"	FALSE	"x|n|order_by|na_rm"
"sqlite"	"window"	"ntile"	FALSE	"x|n"
"sqlite"	"window"	"order_by"	FALSE	"order_by|expr"
"sqlite"	"window"	"percent_rank"	FALSE	"order"
"sqlite"	"window"	"quantile"	TRUE	"..."
"sqlite"	"window"	"rank"	FALSE	"order"
"sqlite"	"window"	"row_number"	FALSE	"order"
"sqlite"	"window"	"sd"	FALSE	"x|na.rm"
"sqlite"	"window"	"sum"	FALSE	"x|na.rm"
"sqlite"	"window"	"var"	TRUE	"..."
"postgresql"	"scalar"	"-"	FALSE	"x|y"
"postgresql"	"scalar"	":"	FALSE	"from|to"
"postgresql"	"scalar"	"!"	FALSE	"..."
"postgresql"	"scalar"	"!="	FALSE	"x|y"
"postgresql"	"scalar"	"("	FALSE	"x"
"postgresql"	"scalar"	"["	FALSE	"x|i"
"postgresql"	"scalar"	"[["	FALSE	"x|i"
"postgresql"	"scalar"	"{"	FALSE	"x"
"postgresql"	"scalar"	"*"	FALSE	"x|y"
"postgresql"	"scalar"	"/"	FALSE	"x|y"
"postgresql"	"scalar"	"&"	FALSE	"x|y"
"postgresql"	"scalar"	"&&"	FALSE	"x|y"
"postgresql"	"scalar"	"%/%"	TRUE	"..."
"postgresql"	"scalar"	"%%"	FALSE	"x|y"
"postgresql"	"scalar"	"%>%"	FALSE	"lhs|rhs"
"postgresql"	"scalar"	"%in%"	FALSE	"x|table"
"postgresql"	"scalar"	"%notin%"	FALSE	"x|table"
"postgresql"	"scalar"	"^"	FALSE	"..."
"postgresql"	"scalar"	"+"	FALSE	"x|y"
"postgresql"	"scalar"	"<"	FALSE	"x|y"
"postgresql"	"scalar"	"<="	FALSE	"x|y"
"postgresql"	"scalar"	"=="	FALSE	"x|y"
"postgresql"	"scalar"	">"	FALSE	"x|y"
"postgresql"	"scalar"	">="	FALSE	"x|y"
"postgresql"	"scalar"	"|"	FALSE	"x|y"
"postgresql"	"scalar"	"||"	FALSE	"x|y"
"postgresql"	"scalar"	"$"	FALSE	"x|name"
"postgresql"	"scalar"	"abs"	FALSE	"..."
"postgresql"	"scalar"	"acos"	FALSE	"..."
"postgresql"	"scalar"	"add_days"	FALSE	"x|n|..."
"postgresql"	"scalar"	"add_years"	FALSE	"x|n|..."
"postgresql"	"scalar"	"as"	FALSE	"x|type"
"postgresql"	"scalar"	"as_date"	FALSE	"x"
"postgresql"	"scalar"	"as_datetime"	FALSE	"x"
"postgresql"	"scalar"	"as.blob"	FALSE	"x"
"postgresql"	"scalar"	"as.character"	FALSE	"x"
"postgresql"	"scalar"	"as.Date"	FALSE	"x"
"postgresql"	"scalar"	"as.double"	FALSE	"x"
"postgresql"	"scalar"	"as.integer"	FALSE	"x"
"postgresql"	"scalar"	"as.integer64"	FALSE	"x"
"postgresql"	"scalar"	"as.logical"	FALSE	"x"
"postgresql"	"scalar"	"as.numeric"	FALSE	"x"
"postgresql"	"scalar"	"as.POSIXct"	FALSE	"x"
"postgresql"	"scalar"	"asin"	FALSE	"..."
"postgresql"	"scalar"	"atan"	FALSE	"..."
"postgresql"	"scalar"	"atan2"	FALSE	"..."
"postgresql"	"scalar"	"between"	FALSE	"x|left|right"
"postgresql"	"scalar"	"bitwAnd"	FALSE	"x|y"
"postgresql"	"scalar"	"bitwNot"	FALSE	"x"
"postgresql"	"scalar"	"bitwOr"	FALSE	"x|y"
"postgresql"	"scalar"	"bitwShiftL"	FALSE	"x|y"
"postgresql"	"scalar"	"bitwShiftR"	FALSE	"x|y"
"postgresql"	"scalar"	"bitwXor"	FALSE	"x|y"
"postgresql"	"scalar"	"c"	FALSE	"..."
"postgresql"	"scalar"	"case_match"	FALSE	".x|...|.default|.ptype"
"postgresql"	"scalar"	"case_when"	FALSE	"...|.default|.ptype|.size"
"postgresql"	"scalar"	"ceil"	FALSE	"..."
"postgresql"	"scalar"	"ceiling"	FALSE	"..."
"postgresql"	"scalar"	"coalesce"	FALSE	"..."
"postgresql"	"scalar"	"cos"	FALSE	"..."
"postgresql"	"scalar"	"cosh"	FALSE	"x"
"postgresql"	"scalar"	"cot"	FALSE	"x"
"postgresql"	"scalar"	"coth"	FALSE	"x"
"postgresql"	"scalar"	"cut"	FALSE	"x|breaks|labels|include.lowest|right"
"postgresql"	"scalar"	"date_build"	FALSE	"year|month|day|...|invalid"
"postgresql"	"scalar"	"date_count_between"	FALSE	"start|end|precision|...|n"
"postgresql"	"scalar"	"day"	FALSE	"x"
"postgresql"	"scalar"	"days"	FALSE	"x"
"postgresql"	"scalar"	"desc"	FALSE	"x"
"postgresql"	"scalar"	"difftime"	FALSE	"time1|time2|tz|units"
"postgresql"	"scalar"	"exp"	FALSE	"..."
"postgresql"	"scalar"	"fixed"	FALSE	"pattern|ignore_case"
"postgresql"	"scalar"	"floor"	FALSE	"..."
"postgresql"	"scalar"	"floor_date"	FALSE	"x|unit"
"postgresql"	"scalar"	"get_day"	FALSE	"x"
"postgresql"	"scalar"	"get_month"	FALSE	"x"
"postgresql"	"scalar"	"get_year"	FALSE	"x"
"postgresql"	"scalar"	"grepl"	FALSE	"pattern|x|ignore.case|perl|fixed|useBytes"
"postgresql"	"scalar"	"hour"	FALSE	"x"
"postgresql"	"scalar"	"hours"	FALSE	"x"
"postgresql"	"scalar"	"if"	FALSE	"cond|if_true|if_false"
"postgresql"	"scalar"	"if_else"	FALSE	"condition|true|false|missing"
"postgresql"	"scalar"	"ifelse"	FALSE	"test|yes|no"
"postgresql"	"scalar"	"is_distinct_from"	FALSE	"x|y"
"postgresql"	"scalar"	"is_not_distinct_from"	FALSE	"x|y"
"postgresql"	"scalar"	"is.na"	FALSE	"x"
"postgresql"	"scalar"	"is.null"	FALSE	"x"
"postgresql"	"scalar"	"isoweek"	FALSE	"x"
"postgresql"	"scalar"	"isoyear"	FALSE	"x"
"postgresql"	"scalar"	"log"	FALSE	"x|base"
"postgresql"	"scalar"	"log10"	FALSE	"x"
"postgresql"	"scalar"	"mday"	FALSE	"x"
"postgresql"	"scalar"	"minute"	FALSE	"x"
"postgresql"	"scalar"	"minutes"	FALSE	"x"
"postgresql"	"scalar"	"month"	FALSE	"x|label|abbr"
"postgresql"	"scalar"	"months"	FALSE	"x"
"postgresql"	"scalar"	"na_if"	FALSE	"..."
"postgresql"	"scalar"	"nchar"	FALSE	"..."
"postgresql"	"scalar"	"now"	FALSE	""
"postgresql"	"scalar"	"nzchar"	FALSE	"x|keepNA"
"postgresql"	"scalar"	"paste"	FALSE	"...|sep|collapse"
"postgresql"	"scalar"	"paste0"	FALSE	"...|sep|collapse"
"postgresql"	"scalar"	"pmax"	FALSE	"...|na.rm"
"postgresql"	"scalar"	"pmin"	FALSE	"...|na.rm"
"postgresql"	"scalar"	"qday"	TRUE	"..."
"postgresql"	"scalar"	"quarter"	FALSE	"x|with_year|fiscal_start"
"postgresql"	"scalar"	"round"	FALSE	"x|digits"
"postgresql"	"scalar"	"runif"	FALSE	"n|min|max"
"postgresql"	"scalar"	"second"	FALSE	"x"
"postgresql"	"scalar"	"seconds"	FALSE	"x"
"postgresql"	"scalar"	"sign"	FALSE	"..."
"postgresql"	"scalar"	"sin"	FALSE	"..."
"postgresql"	"scalar"	"sinh"	FALSE	"x"
"postgresql"	"scalar"	"sqrt"	FALSE	"..."
"postgresql"	"scalar"	"str_c"	FALSE	"...|sep|collapse"
"postgresql"	"scalar"	"str_conv"	TRUE	"..."
"postgresql"	"scalar"	"str_count"	TRUE	"..."
"postgresql"	"scalar"	"str_detect"	FALSE	"string|pattern|negate"
"postgresql"	"scalar"	"str_dup"	TRUE	"..."
"postgresql"	"scalar"	"str_ends"	FALSE	"string|pattern|negate"
"postgresql"	"scalar"	"str_extract"	TRUE	"..."
"postgresql"	"scalar"	"str_extract_all"	TRUE	"..."
"postgresql"	"scalar"	"str_flatten"	TRUE	"..."
"postgresql"	"scalar"	"str_glue"	TRUE	"..."
"postgresql"	"scalar"	"str_glue_data"	TRUE	"..."
"postgresql"	"scalar"	"str_ilike"	FALSE	"string|pattern"
"postgresql"	"scalar"	"str_interp"	TRUE	"..."
"postgresql"	"scalar"	"str_length"	FALSE	"..."
"postgresql"	"scalar"	"str_like"	FALSE	"string|pattern|ignore_case"
"postgresql"	"scalar"	"str_locate"	FALSE	"string|pattern"
"postgresql"	"scalar"	"str_locate_all"	TRUE	"..."
"postgresql"	"scalar"	"str_match"	TRUE	"..."
"postgresql"	"scalar"	"str_match_all"	TRUE	"..."
"postgresql"	"scalar"	"str_order"	TRUE	"..."
"postgresql"	"scalar"	"str_pad"	TRUE	"..."
"postgresql"	"scalar"	"str_remove"	FALSE	"string|pattern"
"postgresql"	"scalar"	"str_remove_all"	FALSE	"string|pattern"
"postgresql"	"scalar"	"str_replace"	FALSE	"string|pattern|replacement"
"postgresql"	"scalar"	"str_replace_all"	FALSE	"string|pattern|replacement"
"postgresql"	"scalar"	"str_replace_na"	TRUE	"..."
"postgresql"	"scalar"	"str_sort"	TRUE	"..."
"postgresql"	"scalar"	"str_split"	TRUE	"..."
"postgresql"	"scalar"	"str_split_fixed"	TRUE	"..."
"postgresql"	"scalar"	"str_squish"	FALSE	"string"
"postgresql"	"scalar"	"str_starts"	FALSE	"string|pattern|negate"
"postgresql"	"scalar"	"str_sub"	FALSE	"string|start|end"
"postgresql"	"scalar"	"str_subset"	TRUE	"..."
"postgresql"	"scalar"	"str_to_lower"	FALSE	"..."
"postgresql"	"scalar"	"str_to_title"	FALSE	"..."
"postgresql"	"scalar"	"str_to_upper"	FALSE	"..."
"postgresql"	"scalar"	"str_trim"	FALSE	"string|side"
"postgresql"	"scalar"	"str_trunc"	TRUE	"..."
"postgresql"	"scalar"	"str_view"	TRUE	"..."
"postgresql"	"scalar"	"str_view_all"	TRUE	"..."
"postgresql"	"scalar"	"str_which"	TRUE	"..."
"postgresql"	"scalar"	"str_wrap"	TRUE	"..."
"postgresql"	"scalar"	"substr"	FALSE	"x|start|stop"
"postgresql"	"scalar"	"substring"	FALSE	"x|start|stop"
"postgresql"	"scalar"	"switch"	FALSE	"x|..."
"postgresql"	"scalar"	"tan"	FALSE	"..."
"postgresql"	"scalar"	"tanh"	FALSE	"x"
"postgresql"	"scalar"	"today"	FALSE	""
"postgresql"	"scalar"	"tolower"	FALSE	"..."
"postgresql"	"scalar"	"toupper"	FALSE	"..."
"postgresql"	"scalar"	"trimws"	FALSE	"x|which"
"postgresql"	"scalar"	"wday"	FALSE	"x|label|abbr|week_start"
"postgresql"	"scalar"	"week"	FALSE	"x"
"postgresql"	"scalar"	"weeks"	FALSE	"x"
"postgresql"	"scalar"	"xor"	FALSE	"x|y"
"postgresql"	"scalar"	"yday"	FALSE	"x"
"postgresql"	"scalar"	"year"	FALSE	"x"
"postgresql"	"scalar"	"years"	FALSE	"x"
"postgresql"	"aggregate"	"all"	FALSE	"x|na.rm"
"postgresql"	"aggregate"	"any"	FALSE	"x|na.rm"
"postgresql"	"aggregate"	"anyNA"	FALSE	"x"
"postgresql"	"aggregate"	"cor"	FALSE	"x|y"
"postgresql"	"aggregate"	"cov"	FALSE	"x|y"
"postgresql"	"aggregate"	"cume_dist"	FALSE	"..."
"postgresql"	"aggregate"	"cummax"	FALSE	"..."
"postgresql"	"aggregate"	"cummean"	FALSE	"..."
"postgresql"	"aggregate"	"cummin"	FALSE	"..."
"postgresql"	"aggregate"	"cumsum"	FALSE	"..."
"postgresql"	"aggregate"	"dense_rank"	FALSE	"..."
"postgresql"	"aggregate"	"first"	FALSE	"..."
"postgresql"	"aggregate"	"lag"	FALSE	"..."
"postgresql"	"aggregate"	"last"	FALSE	"..."
"postgresql"	"aggregate"	"lead"	FALSE	"..."
"postgresql"	"aggregate"	"max"	FALSE	"x|na.rm"
"postgresql"	"aggregate"	"mean"	FALSE	"x|na.rm"
"postgresql"	"aggregate"	"median"	FALSE	"x|na.rm"
"postgresql"	"aggregate"	"min"	FALSE	"x|na.rm"
"postgresql"	"aggregate"	"min_rank"	FALSE	"..."
"postgresql"	"aggregate"	"n"	FALSE	""
"postgresql"	"aggregate"	"n_distinct"	FALSE	"x|na.rm"
"postgresql"	"aggregate"	"nth"	FALSE	"..."
"postgresql"	"aggregate"	"ntile"	FALSE	"..."
"postgresql"	"aggregate"	"order_by"	FALSE	"..."
"postgresql"	"aggregate"	"percent_rank"	FALSE	"..."
"postgresql"	"aggregate"	"quantile"	FALSE	"x|probs|na.rm"
"postgresql"	"aggregate"	"rank"	FALSE	"..."
"postgresql"	"aggregate"	"row_number"	FALSE	"..."
"postgresql"	"aggregate"	"sd"	FALSE	"x|na.rm"
"postgresql"	"aggregate"	"str_flatten"	FALSE	"x|collapse|na.rm"
"postgresql"	"aggregate"	"sum"	FALSE	"x|na.rm"
"postgresql"	"aggregate"	"var"	FALSE	"x|na.rm"
"postgresql"	"window"	"all"	FALSE	"x|na.rm"
"postgresql"	"window"	"any"	FALSE	"x|na.rm"
"postgresql"	"window"	"anyNA"	FALSE	"x"
"postgresql"	"window"	"cor"	FALSE	"x|y"
"postgresql"	"window"	"cov"	FALSE	"x|y"
"postgresql"	"window"	"cume_dist"	FALSE	"order"
"postgresql"	"window"	"cummax"	FALSE	"x|order"
"postgresql"	"window"	"cummean"	FALSE	"x|order"
"postgresql"	"window"	"cummin"	FALSE	"x|order"
"postgresql"	"window"	"cumsum"	FALSE	"x|order"
"postgresql"	"window"	"dense_rank"	FALSE	"order"
"postgresql"	"window"	"first"	FALSE	"x|order_by|na_rm"
"postgresql"	"window"	"lag"	FALSE	"x|n|default|order_by"
"postgresql"	"window"	"last"	FALSE	"x|order_by|na_rm"
"postgresql"	"window"	"lead"	FALSE	"x|n|default|order_by"
"postgresql"	"window"	"max"	FALSE	"x|na.rm"
"postgresql"	"window"	"mean"	FALSE	"x|na.rm"
"postgresql"	"window"	"median"	FALSE	"..."
"postgresql"	"window"	"min"	FALSE	"x|na.rm"
"postgresql"	"window"	"min_rank"	FALSE	"order"
"postgresql"	"window"	"n"	FALSE	""
"postgresql"	"window"	"n_distinct"	FALSE	"x|na.rm"
"postgresql"	"window"	"nth"	FALSE	"x|n|order_by|na_rm"
"postgresql"	"window"	"ntile"	FALSE	"x|n"
"postgresql"	"window"	"order_by"	FALSE	"order_by|expr"
"postgresql"	"window"	"percent_rank"	FALSE	"order"
"postgresql"	"window"	"quantile"	FALSE	"..."
"postgresql"	"window"	"rank"	FALSE	"order"
"postgresql"	"window"	"row_number"	FALSE	"order"
"postgresql"	"window"	"sd"	FALSE	"x|na.rm"
"postgresql"	"window"	"str_flatten"	FALSE	"x|collapse|na.rm"
"postgresql"	"window"	"sum"	FALSE	"x|na.rm"
"postgresql"	"window"	"var"	FALSE	"x|na.rm"
"mysql"	"scalar"	"-"	FALSE	"x|y"
"mysql"	"scalar"	":"	FALSE	"from|to"
"mysql"	"scalar"	"!"	FALSE	"..."
"mysql"	"scalar"	"!="	FALSE	"x|y"
"mysql"	"scalar"	"("	FALSE	"x"
"mysql"	"scalar"	"["	FALSE	"x|i"
"mysql"	"scalar"	"[["	FALSE	"x|i"
"mysql"	"scalar"	"{"	FALSE	"x"
"mysql"	"scalar"	"*"	FALSE	"x|y"
"mysql"	"scalar"	"/"	FALSE	"x|y"
"mysql"	"scalar"	"&"	FALSE	"x|y"
"mysql"	"scalar"	"&&"	FALSE	"x|y"
"mysql"	"scalar"	"%/%"	TRUE	"..."
"mysql"	"scalar"	"%%"	FALSE	"x|y"
"mysql"	"scalar"	"%>%"	FALSE	"lhs|rhs"
"mysql"	"scalar"	"%in%"	FALSE	"x|table"
"mysql"	"scalar"	"%notin%"	FALSE	"x|table"
"mysql"	"scalar"	"^"	FALSE	"..."
"mysql"	"scalar"	"+"	FALSE	"x|y"
"mysql"	"scalar"	"<"	FALSE	"x|y"
"mysql"	"scalar"	"<="	FALSE	"x|y"
"mysql"	"scalar"	"=="	FALSE	"x|y"
"mysql"	"scalar"	">"	FALSE	"x|y"
"mysql"	"scalar"	">="	FALSE	"x|y"
"mysql"	"scalar"	"|"	FALSE	"x|y"
"mysql"	"scalar"	"||"	FALSE	"x|y"
"mysql"	"scalar"	"$"	FALSE	"x|name"
"mysql"	"scalar"	"abs"	FALSE	"..."
"mysql"	"scalar"	"acos"	FALSE	"..."
"mysql"	"scalar"	"as"	FALSE	"x|type"
"mysql"	"scalar"	"as_date"	FALSE	"x"
"mysql"	"scalar"	"as_datetime"	FALSE	"x"
"mysql"	"scalar"	"as.blob"	FALSE	"x"
"mysql"	"scalar"	"as.character"	FALSE	"x"
"mysql"	"scalar"	"as.Date"	FALSE	"x"
"mysql"	"scalar"	"as.double"	FALSE	"x"
"mysql"	"scalar"	"as.integer"	FALSE	"x"
"mysql"	"scalar"	"as.integer64"	FALSE	"x"
"mysql"	"scalar"	"as.logical"	FALSE	"x"
"mysql"	"scalar"	"as.numeric"	FALSE	"x"
"mysql"	"scalar"	"as.POSIXct"	FALSE	"x"
"mysql"	"scalar"	"asin"	FALSE	"..."
"mysql"	"scalar"	"atan"	FALSE	"..."
"mysql"	"scalar"	"atan2"	FALSE	"..."
"mysql"	"scalar"	"between"	FALSE	"x|left|right"
"mysql"	"scalar"	"bitwAnd"	FALSE	"x|y"
"mysql"	"scalar"	"bitwNot"	FALSE	"x"
"mysql"	"scalar"	"bitwOr"	FALSE	"x|y"
"mysql"	"scalar"	"bitwShiftL"	FALSE	"x|y"
"mysql"	"scalar"	"bitwShiftR"	FALSE	"x|y"
"mysql"	"scalar"	"bitwXor"	FALSE	"x|y"
"mysql"	"scalar"	"c"	FALSE	"..."
"mysql"	"scalar"	"case_match"	FALSE	".x|...|.default|.ptype"
"mysql"	"scalar"	"case_when"	FALSE	"...|.default|.ptype|.size"
"mysql"	"scalar"	"ceil"	FALSE	"..."
"mysql"	"scalar"	"ceiling"	FALSE	"..."
"mysql"	"scalar"	"coalesce"	FALSE	"..."
"mysql"	"scalar"	"cos"	FALSE	"..."
"mysql"	"scalar"	"cosh"	FALSE	"x"
"mysql"	"scalar"	"cot"	FALSE	"..."
"mysql"	"scalar"	"coth"	FALSE	"x"
"mysql"	"scalar"	"cut"	FALSE	"x|breaks|labels|include.lowest|right"
"mysql"	"scalar"	"day"	FALSE	"x"
"mysql"	"scalar"	"desc"	FALSE	"x"
"mysql"	"scalar"	"exp"	FALSE	"..."
"mysql"	"scalar"	"fixed"	FALSE	"pattern|ignore_case"
"mysql"	"scalar"	"floor"	FALSE	"..."
"mysql"	"scalar"	"hour"	FALSE	"x"
"mysql"	"scalar"	"if"	FALSE	"cond|if_true|if_false"
"mysql"	"scalar"	"if_else"	FALSE	"condition|true|false|missing"
"mysql"	"scalar"	"ifelse"	FALSE	"test|yes|no"
"mysql"	"scalar"	"is_distinct_from"	FALSE	"x|y"
"mysql"	"scalar"	"is_not_distinct_from"	FALSE	"x|y"
"mysql"	"scalar"	"is.na"	FALSE	"x"
"mysql"	"scalar"	"is.null"	FALSE	"x"
"mysql"	"scalar"	"log"	FALSE	"x|base"
"mysql"	"scalar"	"log10"	FALSE	"..."
"mysql"	"scalar"	"mday"	FALSE	"x"
"mysql"	"scalar"	"minute"	FALSE	"x"
"mysql"	"scalar"	"month"	FALSE	"x"
"mysql"	"scalar"	"na_if"	FALSE	"..."
"mysql"	"scalar"	"nchar"	FALSE	"..."
"mysql"	"scalar"	"now"	FALSE	""
"mysql"	"scalar"	"nzchar"	FALSE	"x|keepNA"
"mysql"	"scalar"	"paste"	FALSE	"...|sep|collapse"
"mysql"	"scalar"	"paste0"	FALSE	"...|sep|collapse"
"mysql"	"scalar"	"pmax"	FALSE	"...|na.rm"
"mysql"	"scalar"	"pmin"	FALSE	"...|na.rm"
"mysql"	"scalar"	"qday"	TRUE	"..."
"mysql"	"scalar"	"round"	FALSE	"x|digits"
"mysql"	"scalar"	"runif"	FALSE	"n|min|max"
"mysql"	"scalar"	"second"	FALSE	"x"
"mysql"	"scalar"	"sign"	FALSE	"..."
"mysql"	"scalar"	"sin"	FALSE	"..."
"mysql"	"scalar"	"sinh"	FALSE	"x"
"mysql"	"scalar"	"sqrt"	FALSE	"..."
"mysql"	"scalar"	"str_c"	FALSE	"...|sep|collapse"
"mysql"	"scalar"	"str_conv"	TRUE	"..."
"mysql"	"scalar"	"str_count"	TRUE	"..."
"mysql"	"scalar"	"str_detect"	FALSE	"x|y"
"mysql"	"scalar"	"str_dup"	TRUE	"..."
"mysql"	"scalar"	"str_ends"	FALSE	"string|pattern|negate"
"mysql"	"scalar"	"str_extract"	TRUE	"..."
"mysql"	"scalar"	"str_extract_all"	TRUE	"..."
"mysql"	"scalar"	"str_flatten"	TRUE	"..."
"mysql"	"scalar"	"str_glue"	TRUE	"..."
"mysql"	"scalar"	"str_glue_data"	TRUE	"..."
"mysql"	"scalar"	"str_ilike"	FALSE	"string|pattern"
"mysql"	"scalar"	"str_interp"	TRUE	"..."
"mysql"	"scalar"	"str_length"	FALSE	"..."
"mysql"	"scalar"	"str_like"	FALSE	"string|pattern|ignore_case"
"mysql"	"scalar"	"str_locate"	FALSE	"string|pattern"
"mysql"	"scalar"	"str_locate_all"	TRUE	"..."
"mysql"	"scalar"	"str_match"	TRUE	"..."
"mysql"	"scalar"	"str_match_all"	TRUE	"..."
"mysql"	"scalar"	"str_order"	TRUE	"..."
"mysql"	"scalar"	"str_pad"	TRUE	"..."
"mysql"	"scalar"	"str_remove"	TRUE	"..."
"mysql"	"scalar"	"str_remove_all"	TRUE	"..."
"mysql"	"scalar"	"str_replace"	TRUE	"..."
"mysql"	"scalar"	"str_replace_all"	FALSE	"string|pattern|replacement"
"mysql"	"scalar"	"str_replace_na"	TRUE	"..."
"mysql"	"scalar"	"str_sort"	TRUE	"..."
"mysql"	"scalar"	"str_split"	TRUE	"..."
"mysql"	"scalar"	"str_split_fixed"	TRUE	"..."
"mysql"	"scalar"	"str_squish"	TRUE	"..."
"mysql"	"scalar"	"str_starts"	FALSE	"string|pattern|negate"
"mysql"	"scalar"	"str_sub"	FALSE	"string|start|end"
"mysql"	"scalar"	"str_subset"	TRUE	"..."
"mysql"	"scalar"	"str_to_lower"	FALSE	"..."
"mysql"	"scalar"	"str_to_title"	FALSE	"..."
"mysql"	"scalar"	"str_to_upper"	FALSE	"..."
"mysql"	"scalar"	"str_trim"	FALSE	"string|side"
"mysql"	"scalar"	"str_trunc"	TRUE	"..."
"mysql"	"scalar"	"str_view"	TRUE	"..."
"mysql"	"scalar"	"str_view_all"	TRUE	"..."
"mysql"	"scalar"	"str_which"	TRUE	"..."
"mysql"	"scalar"	"str_wrap"	TRUE	"..."
"mysql"	"scalar"	"substr"	FALSE	"x|start|stop"
"mysql"	"scalar"	"substring"	FALSE	"x|start|stop"
"mysql"	"scalar"	"switch"	FALSE	"x|..."
"mysql"	"scalar"	"tan"	FALSE	"..."
"mysql"	"scalar"	"tanh"	FALSE	"x"
"mysql"	"scalar"	"today"	FALSE	""
"mysql"	"scalar"	"tolower"	FALSE	"..."
"mysql"	"scalar"	"toupper"	FALSE	"..."
"mysql"	"scalar"	"trimws"	FALSE	"x|which"
"mysql"	"scalar"	"wday"	TRUE	"..."
"mysql"	"scalar"	"xor"	FALSE	"x|y"
"mysql"	"scalar"	"yday"	TRUE	"..."
"mysql"	"scalar"	"year"	FALSE	"x"
"mysql"	"aggregate"	"all"	FALSE	"x|na.rm"
"mysql"	"aggregate"	"any"	FALSE	"x|na.rm"
"mysql"	"aggregate"	"anyNA"	FALSE	"x"
"mysql"	"aggregate"	"cor"	TRUE	"..."
"mysql"	"aggregate"	"cov"	TRUE	"..."
"mysql"	"aggregate"	"cume_dist"	FALSE	"..."
"mysql"	"aggregate"	"cummax"	FALSE	"..."
"mysql"	"aggregate"	"cummean"	FALSE	"..."
"mysql"	"aggregate"	"cummin"	FALSE	"..."
"mysql"	"aggregate"	"cumsum"	FALSE	"..."
"mysql"	"aggregate"	"dense_rank"	FALSE	"..."
"mysql"	"aggregate"	"first"	FALSE	"..."
"mysql"	"aggregate"	"lag"	FALSE	"..."
"mysql"	"aggregate"	"last"	FALSE	"..."
"mysql"	"aggregate"	"lead"	FALSE	"..."
"mysql"	"aggregate"	"max"	FALSE	"x|na.rm"
"mysql"	"aggregate"	"mean"	FALSE	"x|na.rm"
"mysql"	"aggregate"	"median"	FALSE	"x|na.rm"
"mysql"	"aggregate"	"min"	FALSE	"x|na.rm"
"mysql"	"aggregate"	"min_rank"	FALSE	"..."
"mysql"	"aggregate"	"n"	FALSE	""
"mysql"	"aggregate"	"n_distinct"	FALSE	"x|na.rm"
"mysql"	"aggregate"	"nth"	FALSE	"..."
"mysql"	"aggregate"	"ntile"	FALSE	"..."
"mysql"	"aggregate"	"order_by"	FALSE	"..."
"mysql"	"aggregate"	"percent_rank"	FALSE	"..."
"mysql"	"aggregate"	"quantile"	FALSE	"x|probs|na.rm"
"mysql"	"aggregate"	"rank"	FALSE	"..."
"mysql"	"aggregate"	"row_number"	FALSE	"..."
"mysql"	"aggregate"	"sd"	FALSE	"x|na.rm"
"mysql"	"aggregate"	"str_flatten"	FALSE	"x|collapse|na.rm"
"mysql"	"aggregate"	"sum"	FALSE	"x|na.rm"
"mysql"	"aggregate"	"var"	FALSE	"x|na.rm"
"mysql"	"window"	"all"	FALSE	"x|na.rm"
"mysql"	"window"	"any"	FALSE	"x|na.rm"
"mysql"	"window"	"anyNA"	FALSE	"x"
"mysql"	"window"	"cor"	TRUE	"..."
"mysql"	"window"	"cov"	TRUE	"..."
"mysql"	"window"	"cume_dist"	FALSE	"order"
"mysql"	"window"	"cummax"	FALSE	"x|order"
"mysql"	"window"	"cummean"	FALSE	"x|order"
"mysql"	"window"	"cummin"	FALSE	"x|order"
"mysql"	"window"	"cumsum"	FALSE	"x|order"
"mysql"	"window"	"dense_rank"	FALSE	"order"
"mysql"	"window"	"first"	FALSE	"x|order_by|na_rm"
"mysql"	"window"	"lag"	FALSE	"x|n|default|order_by"
"mysql"	"window"	"last"	FALSE	"x|order_by|na_rm"
"mysql"	"window"	"lead"	FALSE	"x|n|default|order_by"
"mysql"	"window"	"max"	FALSE	"x|na.rm"
"mysql"	"window"	"mean"	FALSE	"x|na.rm"
"mysql"	"window"	"median"	FALSE	"x|na.rm"
"mysql"	"window"	"min"	FALSE	"x|na.rm"
"mysql"	"window"	"min_rank"	FALSE	"order"
"mysql"	"window"	"n"	FALSE	""
"mysql"	"window"	"n_distinct"	FALSE	"x|na.rm"
"mysql"	"window"	"nth"	FALSE	"x|n|order_by|na_rm"
"mysql"	"window"	"ntile"	FALSE	"x|n"
"mysql"	"window"	"order_by"	FALSE	"order_by|expr"
"mysql"	"window"	"percent_rank"	FALSE	"order"
"mysql"	"window"	"quantile"	FALSE	"x|probs|na.rm"
"mysql"	"window"	"rank"	FALSE	"order"
"mysql"	"window"	"row_number"	FALSE	"order"
"mysql"	"window"	"sd"	FALSE	"x|na.rm"
"mysql"	"window"	"str_flatten"	FALSE	"..."
"mysql"	"window"	"sum"	FALSE	"x|na.rm"
"mysql"	"window"	"var"	FALSE	"x|na.rm"
